<keymap version="1" name="Mac OS X 10.5+ copy" parent="Mac OS X 10.5+">
  <action id="Annotate">
    <keyboard-shortcut first-keystroke="meta b" />
  </action>
  <action id="Back">
    <keyboard-shortcut first-keystroke="meta left" />
  </action>
  <action id="CallHierarchy" />
  <action id="CallHierarchy.BaseOnThisType" />
  <action id="ChangesView.Diff" />
  <action id="CloseContent" />
  <action id="Console.Execute.Multiline" />
  <action id="Console.Jdbc.Execute" />
  <action id="Console.TableResult.CloneRow" />
  <action id="Console.TableResult.FindInGrid">
    <keyboard-shortcut first-keystroke="shift meta f" />
  </action>
  <action id="DatabaseView.PropertiesAction" />
  <action id="Diff.SelectedChange" />
  <action id="Diff.ShowDiff" />
  <action id="Diff.UpdatedFiles" />
  <action id="EditorDuplicate" />
  <action id="EditorLineEnd">
    <keyboard-shortcut first-keystroke="end" />
    <keyboard-shortcut first-keystroke="ctrl e" />
  </action>
  <action id="EditorLineStart">
    <keyboard-shortcut first-keystroke="home" />
    <keyboard-shortcut first-keystroke="ctrl a" />
  </action>
  <action id="EditorSplitLine" />
  <action id="FileChooser.GotoDesktop" />
  <action id="FileChooser.NewFolder" />
  <action id="FileStructurePopup">
    <keyboard-shortcut first-keystroke="meta m" />
  </action>
  <action id="Find">
    <keyboard-shortcut first-keystroke="meta n" />
  </action>
  <action id="FindInPath">
    <keyboard-shortcut first-keystroke="meta f" />
  </action>
  <action id="FindNext" />
  <action id="Forward">
    <keyboard-shortcut first-keystroke="meta right" />
  </action>
  <action id="Generate">
    <keyboard-shortcut first-keystroke="ctrl enter" />
    <keyboard-shortcut first-keystroke="meta g" />
  </action>
  <action id="GotoChangedFile" />
  <action id="GotoClass" />
  <action id="GotoDeclaration">
    <mouse-shortcut keystroke="meta button1" />
  </action>
  <action id="GotoImplementation">
    <mouse-shortcut keystroke="alt button1" />
  </action>
  <action id="GotoLine">
    <keyboard-shortcut first-keystroke="meta j" />
  </action>
  <action id="Groovy.Shell.Execute" />
  <action id="InsertLiveTemplate" />
  <action id="IpnbRunCellInplaceAction" />
  <action id="KotlinShellExecute" />
  <action id="MinimizeCurrentWindow" />
  <action id="NewElement">
    <keyboard-shortcut first-keystroke="ctrl enter" />
  </action>
  <action id="OptimizeImports">
    <keyboard-shortcut first-keystroke="meta i" />
  </action>
  <action id="QuickEvaluateExpression">
    <keyboard-shortcut first-keystroke="meta alt f8" />
  </action>
  <action id="SaveAll" />
  <action id="Scala.ExpandImplicits">
    <keyboard-shortcut first-keystroke="shift ctrl alt minus" />
    <keyboard-shortcut first-keystroke="shift ctrl alt subtract" />
  </action>
  <action id="Scala.ShowImplicits">
    <keyboard-shortcut first-keystroke="shift ctrl alt equals" />
    <keyboard-shortcut first-keystroke="shift ctrl alt add" />
  </action>
  <action id="ScalaConsole.Execute" />
  <action id="SearchEverywhere">
    <keyboard-shortcut first-keystroke="meta s" />
  </action>
  <action id="SendEOF" />
  <action id="ShelvedChanges.Diff" />
  <action id="ShowIntentionActions" />
  <action id="SplitVertically">
    <keyboard-shortcut first-keystroke="meta w" />
  </action>
  <action id="TypeHierarchy">
    <keyboard-shortcut first-keystroke="meta t" />
  </action>
  <action id="Vcs.Log.FocusTextFilter" />
  <action id="Vcs.Log.GoToRef">
    <keyboard-shortcut first-keystroke="shift meta f" />
  </action>
  <action id="Vcs.ShowTabbedFileHistory">
    <keyboard-shortcut first-keystroke="meta l" />
  </action>
  <action id="Vcs.UpdateProject" />
  <action id="openAssertEqualsDiff" />
</keymap>