<keymap version="1" name="windows keymap" parent="$default">
  <action id="Annotate">
    <keyboard-shortcut first-keystroke="alt b" />
  </action>
  <action id="EditorCreateRectangularSelectionOnMouseDrag">
    <mouse-shortcut keystroke="button2" />
  </action>
  <action id="FileStructurePopup">
    <keyboard-shortcut first-keystroke="alt m" />
  </action>
  <action id="Find">
    <keyboard-shortcut first-keystroke="alt n" />
  </action>
  <action id="FindInPath">
    <keyboard-shortcut first-keystroke="shift ctrl f" />
    <keyboard-shortcut first-keystroke="alt f" />
  </action>
  <action id="Generate">
    <keyboard-shortcut first-keystroke="alt g" />
  </action>
  <action id="GotoDeclaration">
    <mouse-shortcut keystroke="alt button1" />
  </action>
  <action id="GotoImplementation">
    <mouse-shortcut keystroke="control button1" />
  </action>
  <action id="GotoLine">
    <keyboard-shortcut first-keystroke="ctrl g" />
    <keyboard-shortcut first-keystroke="alt j" />
  </action>
  <action id="QuickEvaluateExpression">
    <keyboard-shortcut first-keystroke="ctrl alt f8" />
  </action>
  <action id="Replace">
    <keyboard-shortcut first-keystroke="alt r" />
  </action>
  <action id="Scala.ShowImplicits">
    <keyboard-shortcut first-keystroke="shift ctrl alt equals" />
    <keyboard-shortcut first-keystroke="shift ctrl alt add" />
  </action>
  <action id="SearchEverywhere">
    <keyboard-shortcut first-keystroke="alt s" />
  </action>
  <action id="SelectNextOccurrence" />
  <action id="ShowSettings">
    <keyboard-shortcut first-keystroke="alt comma" />
  </action>
  <action id="TypeHierarchy">
    <keyboard-shortcut first-keystroke="alt t" />
  </action>
  <action id="Vcs.ToggleAmendCommitMode" />
</keymap>